asset_id,case_id,file_name,source_path,title
001,case_001,001.webp,/Users/alittlepinkie/Documents/Obsidian Vault/work/Project Folders (codex)/ARCHITECT/2026-05-07_reference-index-architecture/batch-panel-v1.assets/001.webp,Два продукта за мокрым стеклом
002,case_002,002.jpg,/Users/alittlepinkie/Documents/Obsidian Vault/work/Project Folders (codex)/ARCHITECT/2026-05-07_reference-index-architecture/batch-panel-v1.assets/002.jpg,Флакон в металлическом подносе сверху
003,case_003,003.jpg,/Users/alittlepinkie/Documents/Obsidian Vault/work/Project Folders (codex)/ARCHITECT/2026-05-07_reference-index-architecture/batch-panel-v1.assets/003.jpg,Три тюбика с продуктовой каплей
004,case_004,004.jpg,/Users/alittlepinkie/Documents/Obsidian Vault/work/Project Folders (codex)/ARCHITECT/2026-05-07_reference-index-architecture/batch-panel-v1.assets/004.jpg,Помпа на подносе с мыльной ракушкой и перцем
005,case_005,005.jpg,/Users/alittlepinkie/Documents/Obsidian Vault/work/Project Folders (codex)/ARCHITECT/2026-05-07_reference-index-architecture/batch-panel-v1.assets/005.jpg,Флакон на плиточной полке с губкой и щеткой
006,case_006,006.jpg,/Users/alittlepinkie/Documents/Obsidian Vault/work/Project Folders (codex)/ARCHITECT/2026-05-07_reference-index-architecture/batch-panel-v1.assets/006.jpg,Тюбик с цветочной веткой
007,case_007,007.jpg,/Users/alittlepinkie/Documents/Obsidian Vault/work/Project Folders (codex)/ARCHITECT/2026-05-07_reference-index-architecture/batch-panel-v1.assets/007.jpg,Тюбик и коробка на красном сет-дизайне
008,case_008,008.webp,/Users/alittlepinkie/Documents/Obsidian Vault/work/Project Folders (codex)/ARCHITECT/2026-05-07_reference-index-architecture/batch-panel-v1.assets/008.webp,Повторяющиеся жёлтые тюбики
009,case_009,009.jpeg,/Users/alittlepinkie/Documents/Obsidian Vault/work/Project Folders (codex)/ARCHITECT/2026-05-07_reference-index-architecture/batch-panel-v1.assets/009.jpeg,Шампунь и бальзам в воде
010,case_010,010.jpeg,/Users/alittlepinkie/Documents/Obsidian Vault/work/Project Folders (codex)/ARCHITECT/2026-05-07_reference-index-architecture/batch-panel-v1.assets/010.jpeg,Банка под льющейся водой
011,newobj_001,00e18a8be0953687a8379b156263b50a.webp,/Users/alittlepinkie/Documents/Obsidian Vault/work/Project Folders (codex)/Библиотека референсов/рефы/Новая папка с объектами/00e18a8be0953687a8379b156263b50a.webp,Черный тюбик в руках на фоне неба
012,newobj_002,01b35ffff4278a0c0a2638ee6a444169.webp,/Users/alittlepinkie/Documents/Obsidian Vault/work/Project Folders (codex)/Библиотека референсов/рефы/Новая папка с объектами/01b35ffff4278a0c0a2638ee6a444169.webp,Голубой флакон в воде со льдом
013,newobj_003,0bbec58947ce51f071ef23e450854ac5.jpg,/Users/alittlepinkie/Documents/Obsidian Vault/work/Project Folders (codex)/Библиотека референсов/рефы/Новая папка с объектами/0bbec58947ce51f071ef23e450854ac5.jpg,Белая бутылка за водной линией
014,newobj_004,0c1af6c93a7e549767191055fcb07e6a.jpg,/Users/alittlepinkie/Documents/Obsidian Vault/work/Project Folders (codex)/Библиотека референсов/рефы/Новая папка с объектами/0c1af6c93a7e549767191055fcb07e6a.jpg,Открытая баночка с косметическим шпателем
015,newobj_005,0ce560857660dfae3d3c3ca3afdf72b3.webp,/Users/alittlepinkie/Documents/Obsidian Vault/work/Project Folders (codex)/Библиотека референсов/рефы/Новая папка с объектами/0ce560857660dfae3d3c3ca3afdf72b3.webp,Металлическая баночка с роллером и щипцами
016,newobj_006,0ed37dbddd4f318a7017556f76438b8c.jpg,/Users/alittlepinkie/Documents/Obsidian Vault/work/Project Folders (codex)/Библиотека референсов/рефы/Новая папка с объектами/0ed37dbddd4f318a7017556f76438b8c.jpg,Две бутылки Aesop на черном подиуме
017,newobj_007,0f502d8742d45d4012eecb86dc2a4b98.jpg,/Users/alittlepinkie/Documents/Obsidian Vault/work/Project Folders (codex)/Библиотека референсов/рефы/Новая папка с объектами/0f502d8742d45d4012eecb86dc2a4b98.jpg,Смятая голубая алюминиевая туба
018,newobj_008,0f6c1ed6fd8655f1440f2b461567ebc3.jpg,/Users/alittlepinkie/Documents/Obsidian Vault/work/Project Folders (codex)/Библиотека референсов/рефы/Новая папка с объектами/0f6c1ed6fd8655f1440f2b461567ebc3.jpg,Ломтики огурца с каплями без продукта
019,newobj_009,1aa92ea8-e3f8-498c-864d-b213f5538ddb.JPEG,/Users/alittlepinkie/Documents/Obsidian Vault/work/Project Folders (codex)/Библиотека референсов/рефы/Новая папка с объектами/1aa92ea8-e3f8-498c-864d-b213f5538ddb.JPEG,Янтарный флакон-пипетка в руке
020,newobj_010,1af2a1b974e938c08d315d1fdc69c709.jpg,/Users/alittlepinkie/Documents/Obsidian Vault/work/Project Folders (codex)/Библиотека референсов/рефы/Новая папка с объектами/1af2a1b974e938c08d315d1fdc69c709.jpg,Зеленая помпа на плитке с пеной
021,newobj_011,1bab4255b7d901ace043eebf5ac7437f.webp,/Users/alittlepinkie/Documents/Obsidian Vault/work/Project Folders (codex)/Библиотека референсов/рефы/Новая папка с объектами/1bab4255b7d901ace043eebf5ac7437f.webp,Розовый компакт с красным сердцем
022,newobj_012,1c15fe561ab436dadef0a9d175c46ea1 (1).jpg,/Users/alittlepinkie/Documents/Obsidian Vault/work/Project Folders (codex)/Библиотека референсов/рефы/Новая папка с объектами/1c15fe561ab436dadef0a9d175c46ea1 (1).jpg,Бордовый тюбик на подносе с кофе и шоколадом
023,newobj_013,1c7e0bd9-6443-41e7-804e-43ac4cc7767d.JPEG,/Users/alittlepinkie/Documents/Obsidian Vault/work/Project Folders (codex)/Библиотека референсов/рефы/Новая папка с объектами/1c7e0bd9-6443-41e7-804e-43ac4cc7767d.JPEG,Парфюм между руками
024,newobj_014,1d5ff4ef-a62c-4401-8d85-c882d7b6997d.JPEG,/Users/alittlepinkie/Documents/Obsidian Vault/work/Project Folders (codex)/Библиотека референсов/рефы/Новая папка с объектами/1d5ff4ef-a62c-4401-8d85-c882d7b6997d.JPEG,Зеленая бутылка со всплеском на льду
025,newobj_015,1e058e707e123fd38c2126e613183726.jpg,/Users/alittlepinkie/Documents/Obsidian Vault/work/Project Folders (codex)/Библиотека референсов/рефы/Новая папка с объектами/1e058e707e123fd38c2126e613183726.jpg,Две солнцезащитные упаковки на керамическом подиуме
026,newobj_016,2dd889cbfe7f60e37621161e713b8a85.webp,/Users/alittlepinkie/Documents/Obsidian Vault/work/Project Folders (codex)/Библиотека референсов/рефы/Новая папка с объектами/2dd889cbfe7f60e37621161e713b8a85.webp,Флакон парфюма на золотом отражении
027,newobj_017,2ea69a241c2ff6613989a6e5afcc9a3a.webp,/Users/alittlepinkie/Documents/Obsidian Vault/work/Project Folders (codex)/Библиотека референсов/рефы/Новая папка с объектами/2ea69a241c2ff6613989a6e5afcc9a3a.webp,Белый тюбик в бежевой сумке
